Workbook

Sheet Parts Log
A1: Truck Stock & Unbilled Parts Tracker
A2: Log every part pulled from a truck. Mark it billed when it's on an invoice. Anything unbilled is money you're owed.
A4: Parts markup % | D4: 0.35 | E4: What you add on top of cost when you bill parts. Example value.
A6: Date | B6: Truck | C6: Job ID | D6: Part / description | E6: Qty | F6: Unit cost ($) | G6: Cost ($) | H6: Bill price ($) | I6: Billed? | J6: Invoice # | K6: Unbilled ($)
A7: 46328 | B7: T1 | C7: J-201 | D7: 3/4" ball valve | E7: 2 | F7: 18.4 | G7: =IF(OR(E7="",F7=""),"",E7*F7) -> 36.8 | H7: =IF(G7="","",G7*(1+$D$4)) -> 49.68 | I7: Y | J7: INV-311 | K7: =IF(AND(G7<>"",I7<>"Y"),H7,"")
A8: 46328 | B8: T1 | C8: J-201 | D8: Braided supply lines | E8: 4 | F8: 7.25 | G8: =IF(OR(E8="",F8=""),"",E8*F8) -> 29 | H8: =IF(G8="","",G8*(1+$D$4)) -> 39.15 | I8: N | K8: =IF(AND(G8<>"",I8<>"Y"),H8,"") -> 39.15
A9: 46329 | B9: T2 | C9: J-202 | D9: 40 gal water heater kit | E9: 1 | F9: 46 | G9: =IF(OR(E9="",F9=""),"",E9*F9) -> 46 | H9: =IF(G9="","",G9*(1+$D$4)) -> 62.1 | I9: Y | J9: INV-312 | K9: =IF(AND(G9<>"",I9<>"Y"),H9,"")
A10: 46329 | B10: T2 | C10: J-203 | D10: PEX fittings (bag) | E10: 1 | F10: 32.8 | G10: =IF(OR(E10="",F10=""),"",E10*F10) -> 32.8 | H10: =IF(G10="","",G10*(1+$D$4)) -> 44.28 | I10: N | K10: =IF(AND(G10<>"",I10<>"Y"),H10,"") -> 44.28
A11: 46330 | B11: T1 | C11: J-204 | D11: Wax ring + bolts | E11: 2 | F11: 6.9 | G11: =IF(OR(E11="",F11=""),"",E11*F11) -> 13.8 | H11: =IF(G11="","",G11*(1+$D$4)) -> 18.63 | I11: N | K11: =IF(AND(G11<>"",I11<>"Y"),H11,"") -> 18.63
A12: 46330 | B12: T3 | C12: J-205 | D12: 20A GFCI receptacle | E12: 3 | F12: 21.5 | G12: =IF(OR(E12="",F12=""),"",E12*F12) -> 64.5 | H12: =IF(G12="","",G12*(1+$D$4)) -> 87.075 | I12: Y | J12: INV-314 | K12: =IF(AND(G12<>"",I12<>"Y"),H12,"")
G13: =IF(OR(E13="",F13=""),"",E13*F13) | H13: =IF(G13="","",G13*(1+$D$4)) | K13: =IF(AND(G13<>"",I13<>"Y"),H13,"")
G14: =IF(OR(E14="",F14=""),"",E14*F14) | H14: =IF(G14="","",G14*(1+$D$4)) | K14: =IF(AND(G14<>"",I14<>"Y"),H14,"")
G15: =IF(OR(E15="",F15=""),"",E15*F15) | H15: =IF(G15="","",G15*(1+$D$4)) | K15: =IF(AND(G15<>"",I15<>"Y"),H15,"")
G16: =IF(OR(E16="",F16=""),"",E16*F16) | H16: =IF(G16="","",G16*(1+$D$4)) | K16: =IF(AND(G16<>"",I16<>"Y"),H16,"")
G17: =IF(OR(E17="",F17=""),"",E17*F17) | H17: =IF(G17="","",G17*(1+$D$4)) | K17: =IF(AND(G17<>"",I17<>"Y"),H17,"")
G18: =IF(OR(E18="",F18=""),"",E18*F18) | H18: =IF(G18="","",G18*(1+$D$4)) | K18: =IF(AND(G18<>"",I18<>"Y"),H18,"")
G19: =IF(OR(E19="",F19=""),"",E19*F19) | H19: =IF(G19="","",G19*(1+$D$4)) | K19: =IF(AND(G19<>"",I19<>"Y"),H19,"")
G20: =IF(OR(E20="",F20=""),"",E20*F20) | H20: =IF(G20="","",G20*(1+$D$4)) | K20: =IF(AND(G20<>"",I20<>"Y"),H20,"")
G21: =IF(OR(E21="",F21=""),"",E21*F21) | H21: =IF(G21="","",G21*(1+$D$4)) | K21: =IF(AND(G21<>"",I21<>"Y"),H21,"")
G22: =IF(OR(E22="",F22=""),"",E22*F22) | H22: =IF(G22="","",G22*(1+$D$4)) | K22: =IF(AND(G22<>"",I22<>"Y"),H22,"")
G23: =IF(OR(E23="",F23=""),"",E23*F23) | H23: =IF(G23="","",G23*(1+$D$4)) | K23: =IF(AND(G23<>"",I23<>"Y"),H23,"")
G24: =IF(OR(E24="",F24=""),"",E24*F24) | H24: =IF(G24="","",G24*(1+$D$4)) | K24: =IF(AND(G24<>"",I24<>"Y"),H24,"")
... G306: =IF(OR(E306="",F306=""),"",E306*F306) | H306: =IF(G306="","",G306*(1+$D$4)) | K306: =IF(AND(G306<>"",I306<>"Y"),H306,"")

Sheet Summary
A1: Unbilled Parts Summary
A2: Updates automatically from the Parts Log.
A4: Total parts cost logged ($) | B4: =SUM('Parts Log'!$G$7:$G$306) -> 222.9
A5: Unbilled parts at bill price ($) | B5: =SUM('Parts Log'!$K$7:$K$306) -> 102.06
A6: Unbilled line items | B6: =COUNTIFS('Parts Log'!$I$7:$I$306,"<>Y",'Parts Log'!$G$7:$G$306,">0") -> 3
A8: Truck | B8: Parts cost ($) | C8: Unbilled ($) | D8: % unbilled
A9: T1 | B9: =SUMIFS('Parts Log'!$G$7:$G$306,'Parts Log'!$B$7:$B$306,A9) -> 79.6 | C9: =SUMIFS('Parts Log'!$K$7:$K$306,'Parts Log'!$B$7:$B$306,A9) -> 57.78 | D9: =IF(B9=0,"",C9/(B9*(1+'Parts Log'!$D$4))) -> 0.53768844
A10: T2 | B10: =SUMIFS('Parts Log'!$G$7:$G$306,'Parts Log'!$B$7:$B$306,A10) -> 78.8 | C10: =SUMIFS('Parts Log'!$K$7:$K$306,'Parts Log'!$B$7:$B$306,A10) -> 44.28 | D10: =IF(B10=0,"",C10/(B10*(1+'Parts Log'!$D$4))) -> 0.41624365
A11: T3 | B11: =SUMIFS('Parts Log'!$G$7:$G$306,'Parts Log'!$B$7:$B$306,A11) -> 64.5 | C11: =SUMIFS('Parts Log'!$K$7:$K$306,'Parts Log'!$B$7:$B$306,A11) -> 0 | D11: =IF(B11=0,"",C11/(B11*(1+'Parts Log'!$D$4))) -> 0
A12: T4 | B12: =SUMIFS('Parts Log'!$G$7:$G$306,'Parts Log'!$B$7:$B$306,A12) -> 0 | C12: =SUMIFS('Parts Log'!$K$7:$K$306,'Parts Log'!$B$7:$B$306,A12) -> 0 | D12: =IF(B12=0,"",C12/(B12*(1+'Parts Log'!$D$4)))
A13: T5 | B13: =SUMIFS('Parts Log'!$G$7:$G$306,'Parts Log'!$B$7:$B$306,A13) -> 0 | C13: =SUMIFS('Parts Log'!$K$7:$K$306,'Parts Log'!$B$7:$B$306,A13) -> 0 | D13: =IF(B13=0,"",C13/(B13*(1+'Parts Log'!$D$4)))
A15: Type your own truck names in the blue cells above.
A17: TradeSheets free trial pack · Blue text = your inputs · Black = formulas (don't overwrite) · Full custom setup: reply to the email you got this from.
